key_date,key_date_shamsi,year,year_shamsi,quarter,quarter_shamsi,month,month_shamsi,day_weak,day_weak_shamsi
2025-05-24,1404-03-03,2025,1404,2,1,5,3,6,دوشنبه
2025-05-25,1404-03-04,2025,1404,2,1,5,3,7,سه‌شنبه
2025-05-26,1404-03-05,2025,1404,2,1,5,3,1,چهارشنبه
2025-05-27,1404-03-06,2025,1404,2,1,5,3,2,پنج‌شنبه
2025-05-28,1404-03-07,2025,1404,2,1,5,3,3,جمعه
2025-05-29,1404-03-08,2025,1404,2,1,5,3,4,شنبه
2025-05-30,1404-03-09,2025,1404,2,1,5,3,5,یک‌شنبه
2025-05-31,1404-03-10,2025,1404,2,1,5,3,6,دوشنبه
2025-06-01,1404-03-11,2025,1404,2,1,6,3,7,سه‌شنبه
2025-06-02,1404-03-12,2025,1404,2,1,6,3,1,چهارشنبه
2025-06-03,1404-03-13,2025,1404,2,1,6,3,2,پنج‌شنبه
2025-06-04,1404-03-14,2025,1404,2,1,6,3,3,جمعه
2025-06-05,1404-03-15,2025,1404,2,1,6,3,4,شنبه
2025-06-06,1404-03-16,2025,1404,2,1,6,3,5,یک‌شنبه
2025-06-07,1404-03-17,2025,1404,2,1,6,3,6,دوشنبه
2025-06-08,1404-03-18,2025,1404,2,1,6,3,7,سه‌شنبه
2025-06-09,1404-03-19,2025,1404,2,1,6,3,1,چهارشنبه
2025-06-10,1404-03-20,2025,1404,2,1,6,3,2,پنج‌شنبه
2025-06-11,1404-03-21,2025,1404,2,1,6,3,3,جمعه
2025-06-12,1404-03-22,2025,1404,2,1,6,3,4,شنبه
2025-06-13,1404-03-23,2025,1404,2,1,6,3,5,یک‌شنبه
2025-06-14,1404-03-24,2025,1404,2,1,6,3,6,دوشنبه
2025-06-15,1404-03-25,2025,1404,2,1,6,3,7,سه‌شنبه
2025-06-16,1404-03-26,2025,1404,2,1,6,3,1,چهارشنبه
2025-06-17,1404-03-27,2025,1404,2,1,6,3,2,پنج‌شنبه
2025-06-18,1404-03-28,2025,1404,2,1,6,3,3,جمعه
2025-06-19,1404-03-29,2025,1404,2,1,6,3,4,شنبه
2025-06-20,1404-03-30,2025,1404,2,1,6,3,5,یک‌شنبه
2025-06-21,1404-03-31,2025,1404,2,1,6,3,6,دوشنبه
2025-06-22,1404-04-01,2025,1404,2,2,6,4,7,سه‌شنبه
2025-06-23,1404-04-02,2025,1404,2,2,6,4,1,چهارشنبه
2025-06-24,1404-04-03,2025,1404,2,2,6,4,2,پنج‌شنبه
2025-06-25,1404-04-04,2025,1404,2,2,6,4,3,جمعه
2025-06-26,1404-04-05,2025,1404,2,2,6,4,4,شنبه
2025-06-27,1404-04-06,2025,1404,2,2,6,4,5,یک‌شنبه
2025-06-28,1404-04-07,2025,1404,2,2,6,4,6,دوشنبه
2025-06-29,1404-04-08,2025,1404,2,2,6,4,7,سه‌شنبه
2025-06-30,1404-04-09,2025,1404,2,2,6,4,1,چهارشنبه
2025-07-01,1404-04-10,2025,1404,3,2,7,4,2,پنج‌شنبه
2025-07-02,1404-04-11,2025,1404,3,2,7,4,3,جمعه
2025-07-03,1404-04-12,2025,1404,3,2,7,4,4,شنبه
2025-07-04,1404-04-13,2025,1404,3,2,7,4,5,یک‌شنبه
2025-07-05,1404-04-14,2025,1404,3,2,7,4,6,دوشنبه
2025-07-06,1404-04-15,2025,1404,3,2,7,4,7,سه‌شنبه
2025-07-07,1404-04-16,2025,1404,3,2,7,4,1,چهارشنبه
2025-07-08,1404-04-17,2025,1404,3,2,7,4,2,پنج‌شنبه
2025-07-09,1404-04-18,2025,1404,3,2,7,4,3,جمعه
2025-07-10,1404-04-19,2025,1404,3,2,7,4,4,شنبه
2025-07-11,1404-04-20,2025,1404,3,2,7,4,5,یک‌شنبه
2025-07-12,1404-04-21,2025,1404,3,2,7,4,6,دوشنبه
2025-07-13,1404-04-22,2025,1404,3,2,7,4,7,سه‌شنبه
2025-07-14,1404-04-23,2025,1404,3,2,7,4,1,چهارشنبه
2025-07-15,1404-04-24,2025,1404,3,2,7,4,2,پنج‌شنبه
2025-07-16,1404-04-25,2025,1404,3,2,7,4,3,جمعه
2025-07-17,1404-04-26,2025,1404,3,2,7,4,4,شنبه
2025-07-18,1404-04-27,2025,1404,3,2,7,4,5,یک‌شنبه
2025-07-19,1404-04-28,2025,1404,3,2,7,4,6,دوشنبه
2025-07-20,1404-04-29,2025,1404,3,2,7,4,7,سه‌شنبه
2025-07-21,1404-04-30,2025,1404,3,2,7,4,1,چهارشنبه
2025-07-22,1404-04-31,2025,1404,3,2,7,4,2,پنج‌شنبه
2025-07-23,1404-05-01,2025,1404,3,2,7,5,3,جمعه
2025-07-24,1404-05-02,2025,1404,3,2,7,5,4,شنبه
2025-07-25,1404-05-03,2025,1404,3,2,7,5,5,یک‌شنبه
2025-07-26,1404-05-04,2025,1404,3,2,7,5,6,دوشنبه
2025-07-27,1404-05-05,2025,1404,3,2,7,5,7,سه‌شنبه
2025-07-28,1404-05-06,2025,1404,3,2,7,5,1,چهارشنبه
2025-07-29,1404-05-07,2025,1404,3,2,7,5,2,پنج‌شنبه
2025-07-30,1404-05-08,2025,1404,3,2,7,5,3,جمعه
2025-07-31,1404-05-09,2025,1404,3,2,7,5,4,شنبه
2025-08-01,1404-05-10,2025,1404,3,2,8,5,5,یک‌شنبه
2025-08-02,1404-05-11,2025,1404,3,2,8,5,6,دوشنبه
2025-08-03,1404-05-12,2025,1404,3,2,8,5,7,سه‌شنبه
2025-08-04,1404-05-13,2025,1404,3,2,8,5,1,چهارشنبه
2025-08-05,1404-05-14,2025,1404,3,2,8,5,2,پنج‌شنبه
2025-08-06,1404-05-15,2025,1404,3,2,8,5,3,جمعه
2025-08-07,1404-05-16,2025,1404,3,2,8,5,4,شنبه
2025-08-08,1404-05-17,2025,1404,3,2,8,5,5,یک‌شنبه
2025-08-09,1404-05-18,2025,1404,3,2,8,5,6,دوشنبه
2025-08-10,1404-05-19,2025,1404,3,2,8,5,7,سه‌شنبه
2025-08-11,1404-05-20,2025,1404,3,2,8,5,1,چهارشنبه
2025-08-12,1404-05-21,2025,1404,3,2,8,5,2,پنج‌شنبه
2025-08-13,1404-05-22,2025,1404,3,2,8,5,3,جمعه
2025-08-14,1404-05-23,2025,1404,3,2,8,5,4,شنبه
2025-08-15,1404-05-24,2025,1404,3,2,8,5,5,یک‌شنبه
2025-08-16,1404-05-25,2025,1404,3,2,8,5,6,دوشنبه
2025-08-17,1404-05-26,2025,1404,3,2,8,5,7,سه‌شنبه
2025-08-18,1404-05-27,2025,1404,3,2,8,5,1,چهارشنبه
2025-08-19,1404-05-28,2025,1404,3,2,8,5,2,پنج‌شنبه
2025-08-20,1404-05-29,2025,1404,3,2,8,5,3,جمعه
2025-08-21,1404-05-30,2025,1404,3,2,8,5,4,شنبه
2025-08-22,1404-05-31,2025,1404,3,2,8,5,5,یک‌شنبه
2025-08-23,1404-06-01,2025,1404,3,2,8,6,6,دوشنبه
2025-08-24,1404-06-02,2025,1404,3,2,8,6,7,سه‌شنبه
2025-08-25,1404-06-03,2025,1404,3,2,8,6,1,چهارشنبه
2025-08-26,1404-06-04,2025,1404,3,2,8,6,2,پنج‌شنبه
2025-08-27,1404-06-05,2025,1404,3,2,8,6,3,جمعه
2025-08-28,1404-06-06,2025,1404,3,2,8,6,4,شنبه
2025-08-29,1404-06-07,2025,1404,3,2,8,6,5,یک‌شنبه
2025-08-30,1404-06-08,2025,1404,3,2,8,6,6,دوشنبه
2025-08-31,1404-06-09,2025,1404,3,2,8,6,7,سه‌شنبه
2025-09-01,1404-06-10,2025,1404,3,2,9,6,1,چهارشنبه
2025-09-02,1404-06-11,2025,1404,3,2,9,6,2,پنج‌شنبه
2025-09-03,1404-06-12,2025,1404,3,2,9,6,3,جمعه
2025-09-04,1404-06-13,2025,1404,3,2,9,6,4,شنبه
2025-09-05,1404-06-14,2025,1404,3,2,9,6,5,یک‌شنبه
2025-09-06,1404-06-15,2025,1404,3,2,9,6,6,دوشنبه
2025-09-07,1404-06-16,2025,1404,3,2,9,6,7,سه‌شنبه
2025-09-08,1404-06-17,2025,1404,3,2,9,6,1,چهارشنبه
2025-09-09,1404-06-18,2025,1404,3,2,9,6,2,پنج‌شنبه
2025-09-10,1404-06-19,2025,1404,3,2,9,6,3,جمعه
2025-09-11,1404-06-20,2025,1404,3,2,9,6,4,شنبه
2025-09-12,1404-06-21,2025,1404,3,2,9,6,5,یک‌شنبه
2025-09-13,1404-06-22,2025,1404,3,2,9,6,6,دوشنبه
2025-09-14,1404-06-23,2025,1404,3,2,9,6,7,سه‌شنبه
2025-09-15,1404-06-24,2025,1404,3,2,9,6,1,چهارشنبه
2025-09-16,1404-06-25,2025,1404,3,2,9,6,2,پنج‌شنبه
2025-09-17,1404-06-26,2025,1404,3,2,9,6,3,جمعه
2025-09-18,1404-06-27,2025,1404,3,2,9,6,4,شنبه
2025-09-19,1404-06-28,2025,1404,3,2,9,6,5,یک‌شنبه
2025-09-20,1404-06-29,2025,1404,3,2,9,6,6,دوشنبه
2025-09-21,1404-06-30,2025,1404,3,2,9,6,7,سه‌شنبه
2025-09-22,1404-06-31,2025,1404,3,2,9,6,1,چهارشنبه
2025-09-23,1404-07-01,2025,1404,3,3,9,7,2,پنج‌شنبه
2025-09-24,1404-07-02,2025,1404,3,3,9,7,3,جمعه
2025-09-25,1404-07-03,2025,1404,3,3,9,7,4,شنبه
2025-09-26,1404-07-04,2025,1404,3,3,9,7,5,یک‌شنبه
2025-09-27,1404-07-05,2025,1404,3,3,9,7,6,دوشنبه
2025-09-28,1404-07-06,2025,1404,3,3,9,7,7,سه‌شنبه
2025-09-29,1404-07-07,2025,1404,3,3,9,7,1,چهارشنبه
2025-09-30,1404-07-08,2025,1404,3,3,9,7,2,پنج‌شنبه
2025-10-01,1404-07-09,2025,1404,4,3,10,7,3,جمعه
2025-10-02,1404-07-10,2025,1404,4,3,10,7,4,شنبه
2025-10-03,1404-07-11,2025,1404,4,3,10,7,5,یک‌شنبه
2025-10-04,1404-07-12,2025,1404,4,3,10,7,6,دوشنبه
2025-10-05,1404-07-13,2025,1404,4,3,10,7,7,سه‌شنبه
2025-10-06,1404-07-14,2025,1404,4,3,10,7,1,چهارشنبه
2025-10-07,1404-07-15,2025,1404,4,3,10,7,2,پنج‌شنبه
2025-10-08,1404-07-16,2025,1404,4,3,10,7,3,جمعه
2025-10-09,1404-07-17,2025,1404,4,3,10,7,4,شنبه
2025-10-10,1404-07-18,2025,1404,4,3,10,7,5,یک‌شنبه
2025-10-11,1404-07-19,2025,1404,4,3,10,7,6,دوشنبه
2025-10-12,1404-07-20,2025,1404,4,3,10,7,7,سه‌شنبه
2025-10-13,1404-07-21,2025,1404,4,3,10,7,1,چهارشنبه
2025-10-14,1404-07-22,2025,1404,4,3,10,7,2,پنج‌شنبه
2025-10-15,1404-07-23,2025,1404,4,3,10,7,3,جمعه
2025-10-16,1404-07-24,2025,1404,4,3,10,7,4,شنبه
2025-10-17,1404-07-25,2025,1404,4,3,10,7,5,یک‌شنبه
2025-10-18,1404-07-26,2025,1404,4,3,10,7,6,دوشنبه
2025-10-19,1404-07-27,2025,1404,4,3,10,7,7,سه‌شنبه
2025-10-20,1404-07-28,2025,1404,4,3,10,7,1,چهارشنبه
2025-10-21,1404-07-29,2025,1404,4,3,10,7,2,پنج‌شنبه
2025-10-22,1404-07-30,2025,1404,4,3,10,7,3,جمعه
2025-10-23,1404-08-01,2025,1404,4,3,10,8,4,شنبه
2025-10-24,1404-08-02,2025,1404,4,3,10,8,5,یک‌شنبه
2025-10-25,1404-08-03,2025,1404,4,3,10,8,6,دوشنبه
2025-10-26,1404-08-04,2025,1404,4,3,10,8,7,سه‌شنبه
2025-10-27,1404-08-05,2025,1404,4,3,10,8,1,چهارشنبه
2025-10-28,1404-08-06,2025,1404,4,3,10,8,2,پنج‌شنبه
2025-10-29,1404-08-07,2025,1404,4,3,10,8,3,جمعه
2025-10-30,1404-08-08,2025,1404,4,3,10,8,4,شنبه
2025-10-31,1404-08-09,2025,1404,4,3,10,8,5,یک‌شنبه
2025-11-01,1404-08-10,2025,1404,4,3,11,8,6,دوشنبه
2025-11-02,1404-08-11,2025,1404,4,3,11,8,7,سه‌شنبه
2025-11-03,1404-08-12,2025,1404,4,3,11,8,1,چهارشنبه
2025-11-04,1404-08-13,2025,1404,4,3,11,8,2,پنج‌شنبه
2025-11-05,1404-08-14,2025,1404,4,3,11,8,3,جمعه
2025-11-06,1404-08-15,2025,1404,4,3,11,8,4,شنبه
2025-11-07,1404-08-16,2025,1404,4,3,11,8,5,یک‌شنبه
2025-11-08,1404-08-17,2025,1404,4,3,11,8,6,دوشنبه
2025-11-09,1404-08-18,2025,1404,4,3,11,8,7,سه‌شنبه
2025-11-10,1404-08-19,2025,1404,4,3,11,8,1,چهارشنبه
2025-11-11,1404-08-20,2025,1404,4,3,11,8,2,پنج‌شنبه
2025-11-12,1404-08-21,2025,1404,4,3,11,8,3,جمعه
2025-11-13,1404-08-22,2025,1404,4,3,11,8,4,شنبه
2025-11-14,1404-08-23,2025,1404,4,3,11,8,5,یک‌شنبه
2025-11-15,1404-08-24,2025,1404,4,3,11,8,6,دوشنبه
2025-11-16,1404-08-25,2025,1404,4,3,11,8,7,سه‌شنبه
2025-11-17,1404-08-26,2025,1404,4,3,11,8,1,چهارشنبه
2025-11-18,1404-08-27,2025,1404,4,3,11,8,2,پنج‌شنبه
2025-11-19,1404-08-28,2025,1404,4,3,11,8,3,جمعه
2025-11-20,1404-08-29,2025,1404,4,3,11,8,4,شنبه
2025-11-21,1404-08-30,2025,1404,4,3,11,8,5,یک‌شنبه
2025-11-22,1404-09-01,2025,1404,4,3,11,9,6,دوشنبه
2025-11-23,1404-09-02,2025,1404,4,3,11,9,7,سه‌شنبه
2025-11-24,1404-09-03,2025,1404,4,3,11,9,1,چهارشنبه
2025-11-25,1404-09-04,2025,1404,4,3,11,9,2,پنج‌شنبه
2025-11-26,1404-09-05,2025,1404,4,3,11,9,3,جمعه
2025-11-27,1404-09-06,2025,1404,4,3,11,9,4,شنبه
2025-11-28,1404-09-07,2025,1404,4,3,11,9,5,یک‌شنبه
2025-11-29,1404-09-08,2025,1404,4,3,11,9,6,دوشنبه
2025-11-30,1404-09-09,2025,1404,4,3,11,9,7,سه‌شنبه
2025-12-01,1404-09-10,2025,1404,4,3,12,9,1,چهارشنبه
2025-12-02,1404-09-11,2025,1404,4,3,12,9,2,پنج‌شنبه
2025-12-03,1404-09-12,2025,1404,4,3,12,9,3,جمعه
2025-12-04,1404-09-13,2025,1404,4,3,12,9,4,شنبه
2025-12-05,1404-09-14,2025,1404,4,3,12,9,5,یک‌شنبه
2025-12-06,1404-09-15,2025,1404,4,3,12,9,6,دوشنبه
2025-12-07,1404-09-16,2025,1404,4,3,12,9,7,سه‌شنبه
2025-12-08,1404-09-17,2025,1404,4,3,12,9,1,چهارشنبه
2025-12-09,1404-09-18,2025,1404,4,3,12,9,2,پنج‌شنبه
2025-12-10,1404-09-19,2025,1404,4,3,12,9,3,جمعه
2025-12-11,1404-09-20,2025,1404,4,3,12,9,4,شنبه
2025-12-12,1404-09-21,2025,1404,4,3,12,9,5,یک‌شنبه
2025-12-13,1404-09-22,2025,1404,4,3,12,9,6,دوشنبه
2025-12-14,1404-09-23,2025,1404,4,3,12,9,7,سه‌شنبه
2025-12-15,1404-09-24,2025,1404,4,3,12,9,1,چهارشنبه
2025-12-16,1404-09-25,2025,1404,4,3,12,9,2,پنج‌شنبه
2025-12-17,1404-09-26,2025,1404,4,3,12,9,3,جمعه
2025-12-18,1404-09-27,2025,1404,4,3,12,9,4,شنبه
2025-12-19,1404-09-28,2025,1404,4,3,12,9,5,یک‌شنبه
2025-12-20,1404-09-29,2025,1404,4,3,12,9,6,دوشنبه
2025-12-21,1404-09-30,2025,1404,4,3,12,9,7,سه‌شنبه
2025-12-22,1404-10-01,2025,1404,4,4,12,10,1,چهارشنبه
2025-12-23,1404-10-02,2025,1404,4,4,12,10,2,پنج‌شنبه
2025-12-24,1404-10-03,2025,1404,4,4,12,10,3,جمعه
2025-12-25,1404-10-04,2025,1404,4,4,12,10,4,شنبه
2025-12-26,1404-10-05,2025,1404,4,4,12,10,5,یک‌شنبه
2025-12-27,1404-10-06,2025,1404,4,4,12,10,6,دوشنبه
2025-12-28,1404-10-07,2025,1404,4,4,12,10,7,سه‌شنبه
2025-12-29,1404-10-08,2025,1404,4,4,12,10,1,چهارشنبه
2025-12-30,1404-10-09,2025,1404,4,4,12,10,2,پنج‌شنبه
2025-12-31,1404-10-10,2025,1404,4,4,12,10,3,جمعه
2026-01-01,1404-10-11,2026,1404,1,4,1,10,4,شنبه
2026-01-02,1404-10-12,2026,1404,1,4,1,10,5,یک‌شنبه
2026-01-03,1404-10-13,2026,1404,1,4,1,10,6,دوشنبه
2026-01-04,1404-10-14,2026,1404,1,4,1,10,7,سه‌شنبه
2026-01-05,1404-10-15,2026,1404,1,4,1,10,1,چهارشنبه
2026-01-06,1404-10-16,2026,1404,1,4,1,10,2,پنج‌شنبه
2026-01-07,1404-10-17,2026,1404,1,4,1,10,3,جمعه
2026-01-08,1404-10-18,2026,1404,1,4,1,10,4,شنبه
2026-01-09,1404-10-19,2026,1404,1,4,1,10,5,یک‌شنبه
2026-01-10,1404-10-20,2026,1404,1,4,1,10,6,دوشنبه
2026-01-11,1404-10-21,2026,1404,1,4,1,10,7,سه‌شنبه
2026-01-12,1404-10-22,2026,1404,1,4,1,10,1,چهارشنبه
2026-01-13,1404-10-23,2026,1404,1,4,1,10,2,پنج‌شنبه
2026-01-14,1404-10-24,2026,1404,1,4,1,10,3,جمعه
2026-01-15,1404-10-25,2026,1404,1,4,1,10,4,شنبه
2026-01-16,1404-10-26,2026,1404,1,4,1,10,5,یک‌شنبه
2026-01-17,1404-10-27,2026,1404,1,4,1,10,6,دوشنبه
2026-01-18,1404-10-28,2026,1404,1,4,1,10,7,سه‌شنبه
2026-01-19,1404-10-29,2026,1404,1,4,1,10,1,چهارشنبه
2026-01-20,1404-10-30,2026,1404,1,4,1,10,2,پنج‌شنبه
2026-01-21,1404-11-01,2026,1404,1,4,1,11,3,جمعه
2026-01-22,1404-11-02,2026,1404,1,4,1,11,4,شنبه
2026-01-23,1404-11-03,2026,1404,1,4,1,11,5,یک‌شنبه
2026-01-24,1404-11-04,2026,1404,1,4,1,11,6,دوشنبه
2026-01-25,1404-11-05,2026,1404,1,4,1,11,7,سه‌شنبه
2026-01-26,1404-11-06,2026,1404,1,4,1,11,1,چهارشنبه
2026-01-27,1404-11-07,2026,1404,1,4,1,11,2,پنج‌شنبه
2026-01-28,1404-11-08,2026,1404,1,4,1,11,3,جمعه
2026-01-29,1404-11-09,2026,1404,1,4,1,11,4,شنبه
2026-01-30,1404-11-10,2026,1404,1,4,1,11,5,یک‌شنبه
2026-01-31,1404-11-11,2026,1404,1,4,1,11,6,دوشنبه
2026-02-01,1404-11-12,2026,1404,1,4,2,11,7,سه‌شنبه
2026-02-02,1404-11-13,2026,1404,1,4,2,11,1,چهارشنبه
2026-02-03,1404-11-14,2026,1404,1,4,2,11,2,پنج‌شنبه
2026-02-04,1404-11-15,2026,1404,1,4,2,11,3,جمعه
2026-02-05,1404-11-16,2026,1404,1,4,2,11,4,شنبه
2026-02-06,1404-11-17,2026,1404,1,4,2,11,5,یک‌شنبه
2026-02-07,1404-11-18,2026,1404,1,4,2,11,6,دوشنبه
2026-02-08,1404-11-19,2026,1404,1,4,2,11,7,سه‌شنبه
2026-02-09,1404-11-20,2026,1404,1,4,2,11,1,چهارشنبه
2026-02-10,1404-11-21,2026,1404,1,4,2,11,2,پنج‌شنبه
2026-02-11,1404-11-22,2026,1404,1,4,2,11,3,جمعه
2026-02-12,1404-11-23,2026,1404,1,4,2,11,4,شنبه
2026-02-13,1404-11-24,2026,1404,1,4,2,11,5,یک‌شنبه
2026-02-14,1404-11-25,2026,1404,1,4,2,11,6,دوشنبه
2026-02-15,1404-11-26,2026,1404,1,4,2,11,7,سه‌شنبه
2026-02-16,1404-11-27,2026,1404,1,4,2,11,1,چهارشنبه
2026-02-17,1404-11-28,2026,1404,1,4,2,11,2,پنج‌شنبه
2026-02-18,1404-11-29,2026,1404,1,4,2,11,3,جمعه
2026-02-19,1404-11-30,2026,1404,1,4,2,11,4,شنبه
2026-02-20,1404-12-01,2026,1404,1,4,2,12,5,یک‌شنبه
2026-02-21,1404-12-02,2026,1404,1,4,2,12,6,دوشنبه
2026-02-22,1404-12-03,2026,1404,1,4,2,12,7,سه‌شنبه
2026-02-23,1404-12-04,2026,1404,1,4,2,12,1,چهارشنبه
2026-02-24,1404-12-05,2026,1404,1,4,2,12,2,پنج‌شنبه
2026-02-25,1404-12-06,2026,1404,1,4,2,12,3,جمعه
2026-02-26,1404-12-07,2026,1404,1,4,2,12,4,شنبه
2026-02-27,1404-12-08,2026,1404,1,4,2,12,5,یک‌شنبه
2026-02-28,1404-12-09,2026,1404,1,4,2,12,6,دوشنبه
2026-03-01,1404-12-10,2026,1404,1,4,3,12,7,سه‌شنبه
2026-03-02,1404-12-11,2026,1404,1,4,3,12,1,چهارشنبه
2026-03-03,1404-12-12,2026,1404,1,4,3,12,2,پنج‌شنبه
2026-03-04,1404-12-13,2026,1404,1,4,3,12,3,جمعه
2026-03-05,1404-12-14,2026,1404,1,4,3,12,4,شنبه
2026-03-06,1404-12-15,2026,1404,1,4,3,12,5,یک‌شنبه
2026-03-07,1404-12-16,2026,1404,1,4,3,12,6,دوشنبه
2026-03-08,1404-12-17,2026,1404,1,4,3,12,7,سه‌شنبه
2026-03-09,1404-12-18,2026,1404,1,4,3,12,1,چهارشنبه
2026-03-10,1404-12-19,2026,1404,1,4,3,12,2,پنج‌شنبه
2026-03-11,1404-12-20,2026,1404,1,4,3,12,3,جمعه
2026-03-12,1404-12-21,2026,1404,1,4,3,12,4,شنبه
2026-03-13,1404-12-22,2026,1404,1,4,3,12,5,یک‌شنبه
2026-03-14,1404-12-23,2026,1404,1,4,3,12,6,دوشنبه
2026-03-15,1404-12-24,2026,1404,1,4,3,12,7,سه‌شنبه
2026-03-16,1404-12-25,2026,1404,1,4,3,12,1,چهارشنبه
2026-03-17,1404-12-26,2026,1404,1,4,3,12,2,پنج‌شنبه
2026-03-18,1404-12-27,2026,1404,1,4,3,12,3,جمعه
2026-03-19,1404-12-28,2026,1404,1,4,3,12,4,شنبه
2026-03-20,1404-12-29,2026,1404,1,4,3,12,5,یک‌شنبه
2026-03-21,1405-01-01,2026,1405,1,1,3,1,6,دوشنبه
2026-03-22,1405-01-02,2026,1405,1,1,3,1,7,سه‌شنبه
2026-03-23,1405-01-03,2026,1405,1,1,3,1,1,چهارشنبه
2026-03-24,1405-01-04,2026,1405,1,1,3,1,2,پنج‌شنبه
2026-03-25,1405-01-05,2026,1405,1,1,3,1,3,جمعه
2026-03-26,1405-01-06,2026,1405,1,1,3,1,4,شنبه
2026-03-27,1405-01-07,2026,1405,1,1,3,1,5,یک‌شنبه
2026-03-28,1405-01-08,2026,1405,1,1,3,1,6,دوشنبه
2026-03-29,1405-01-09,2026,1405,1,1,3,1,7,سه‌شنبه
2026-03-30,1405-01-10,2026,1405,1,1,3,1,1,چهارشنبه
2026-03-31,1405-01-11,2026,1405,1,1,3,1,2,پنج‌شنبه
2026-04-01,1405-01-12,2026,1405,2,1,4,1,3,جمعه
2026-04-02,1405-01-13,2026,1405,2,1,4,1,4,شنبه
2026-04-03,1405-01-14,2026,1405,2,1,4,1,5,یک‌شنبه
2026-04-04,1405-01-15,2026,1405,2,1,4,1,6,دوشنبه
2026-04-05,1405-01-16,2026,1405,2,1,4,1,7,سه‌شنبه
2026-04-06,1405-01-17,2026,1405,2,1,4,1,1,چهارشنبه
2026-04-07,1405-01-18,2026,1405,2,1,4,1,2,پنج‌شنبه
2026-04-08,1405-01-19,2026,1405,2,1,4,1,3,جمعه
2026-04-09,1405-01-20,2026,1405,2,1,4,1,4,شنبه
2026-04-10,1405-01-21,2026,1405,2,1,4,1,5,یک‌شنبه
2026-04-11,1405-01-22,2026,1405,2,1,4,1,6,دوشنبه
2026-04-12,1405-01-23,2026,1405,2,1,4,1,7,سه‌شنبه
2026-04-13,1405-01-24,2026,1405,2,1,4,1,1,چهارشنبه
2026-04-14,1405-01-25,2026,1405,2,1,4,1,2,پنج‌شنبه
2026-04-15,1405-01-26,2026,1405,2,1,4,1,3,جمعه
2026-04-16,1405-01-27,2026,1405,2,1,4,1,4,شنبه
2026-04-17,1405-01-28,2026,1405,2,1,4,1,5,یک‌شنبه
2026-04-18,1405-01-29,2026,1405,2,1,4,1,6,دوشنبه
2026-04-19,1405-01-30,2026,1405,2,1,4,1,7,سه‌شنبه
2026-04-20,1405-01-31,2026,1405,2,1,4,1,1,چهارشنبه
2026-04-21,1405-02-01,2026,1405,2,1,4,2,2,پنج‌شنبه
2026-04-22,1405-02-02,2026,1405,2,1,4,2,3,جمعه
2026-04-23,1405-02-03,2026,1405,2,1,4,2,4,شنبه
2026-04-24,1405-02-04,2026,1405,2,1,4,2,5,یک‌شنبه
2026-04-25,1405-02-05,2026,1405,2,1,4,2,6,دوشنبه
2026-04-26,1405-02-06,2026,1405,2,1,4,2,7,سه‌شنبه
2026-04-27,1405-02-07,2026,1405,2,1,4,2,1,چهارشنبه
2026-04-28,1405-02-08,2026,1405,2,1,4,2,2,پنج‌شنبه
2026-04-29,1405-02-09,2026,1405,2,1,4,2,3,جمعه
2026-04-30,1405-02-10,2026,1405,2,1,4,2,4,شنبه
2026-05-01,1405-02-11,2026,1405,2,1,5,2,5,یک‌شنبه
2026-05-02,1405-02-12,2026,1405,2,1,5,2,6,دوشنبه
2026-05-03,1405-02-13,2026,1405,2,1,5,2,7,سه‌شنبه
2026-05-04,1405-02-14,2026,1405,2,1,5,2,1,چهارشنبه
2026-05-05,1405-02-15,2026,1405,2,1,5,2,2,پنج‌شنبه
2026-05-06,1405-02-16,2026,1405,2,1,5,2,3,جمعه
2026-05-07,1405-02-17,2026,1405,2,1,5,2,4,شنبه
2026-05-08,1405-02-18,2026,1405,2,1,5,2,5,یک‌شنبه
2026-05-09,1405-02-19,2026,1405,2,1,5,2,6,دوشنبه
2026-05-10,1405-02-20,2026,1405,2,1,5,2,7,سه‌شنبه
2026-05-11,1405-02-21,2026,1405,2,1,5,2,1,چهارشنبه
2026-05-12,1405-02-22,2026,1405,2,1,5,2,2,پنج‌شنبه
2026-05-13,1405-02-23,2026,1405,2,1,5,2,3,جمعه
2026-05-14,1405-02-24,2026,1405,2,1,5,2,4,شنبه
2026-05-15,1405-02-25,2026,1405,2,1,5,2,5,یک‌شنبه
2026-05-16,1405-02-26,2026,1405,2,1,5,2,6,دوشنبه
2026-05-17,1405-02-27,2026,1405,2,1,5,2,7,سه‌شنبه
2026-05-18,1405-02-28,2026,1405,2,1,5,2,1,چهارشنبه
2026-05-19,1405-02-29,2026,1405,2,1,5,2,2,پنج‌شنبه
2026-05-20,1405-02-30,2026,1405,2,1,5,2,3,جمعه
2026-05-21,1405-02-31,2026,1405,2,1,5,2,4,شنبه
2026-05-22,1405-03-01,2026,1405,2,1,5,3,5,یک‌شنبه
2026-05-23,1405-03-02,2026,1405,2,1,5,3,6,دوشنبه
2026-05-24,1405-03-03,2026,1405,2,1,5,3,7,سه‌شنبه
2026-05-25,1405-03-04,2026,1405,2,1,5,3,1,چهارشنبه
2026-05-26,1405-03-05,2026,1405,2,1,5,3,2,پنج‌شنبه
2026-05-27,1405-03-06,2026,1405,2,1,5,3,3,جمعه
2026-05-28,1405-03-07,2026,1405,2,1,5,3,4,شنبه
2026-05-29,1405-03-08,2026,1405,2,1,5,3,5,یک‌شنبه
2026-05-30,1405-03-09,2026,1405,2,1,5,3,6,دوشنبه
2026-05-31,1405-03-10,2026,1405,2,1,5,3,7,سه‌شنبه
2026-06-01,1405-03-11,2026,1405,2,1,6,3,1,چهارشنبه
2026-06-02,1405-03-12,2026,1405,2,1,6,3,2,پنج‌شنبه
2026-06-03,1405-03-13,2026,1405,2,1,6,3,3,جمعه
2026-06-04,1405-03-14,2026,1405,2,1,6,3,4,شنبه
2026-06-05,1405-03-15,2026,1405,2,1,6,3,5,یک‌شنبه
2026-06-06,1405-03-16,2026,1405,2,1,6,3,6,دوشنبه
2026-06-07,1405-03-17,2026,1405,2,1,6,3,7,سه‌شنبه
2026-06-08,1405-03-18,2026,1405,2,1,6,3,1,چهارشنبه
2026-06-09,1405-03-19,2026,1405,2,1,6,3,2,پنج‌شنبه
2026-06-10,1405-03-20,2026,1405,2,1,6,3,3,جمعه
2026-06-11,1405-03-21,2026,1405,2,1,6,3,4,شنبه
2026-06-12,1405-03-22,2026,1405,2,1,6,3,5,یک‌شنبه
2026-06-13,1405-03-23,2026,1405,2,1,6,3,6,دوشنبه
2026-06-14,1405-03-24,2026,1405,2,1,6,3,7,سه‌شنبه
2026-06-15,1405-03-25,2026,1405,2,1,6,3,1,چهارشنبه
2026-06-16,1405-03-26,2026,1405,2,1,6,3,2,پنج‌شنبه
2026-06-17,1405-03-27,2026,1405,2,1,6,3,3,جمعه
2026-06-18,1405-03-28,2026,1405,2,1,6,3,4,شنبه
2026-06-19,1405-03-29,2026,1405,2,1,6,3,5,یک‌شنبه
2026-06-20,1405-03-30,2026,1405,2,1,6,3,6,دوشنبه
2026-06-21,1405-03-31,2026,1405,2,1,6,3,7,سه‌شنبه
2026-06-22,1405-04-01,2026,1405,2,2,6,4,1,چهارشنبه
2026-06-23,1405-04-02,2026,1405,2,2,6,4,2,پنج‌شنبه
2026-06-24,1405-04-03,2026,1405,2,2,6,4,3,جمعه
2026-06-25,1405-04-04,2026,1405,2,2,6,4,4,شنبه
2026-06-26,1405-04-05,2026,1405,2,2,6,4,5,یک‌شنبه
2026-06-27,1405-04-06,2026,1405,2,2,6,4,6,دوشنبه
2026-06-28,1405-04-07,2026,1405,2,2,6,4,7,سه‌شنبه
2026-06-29,1405-04-08,2026,1405,2,2,6,4,1,چهارشنبه
2026-06-30,1405-04-09,2026,1405,2,2,6,4,2,پنج‌شنبه
2026-07-01,1405-04-10,2026,1405,3,2,7,4,3,جمعه
2026-07-02,1405-04-11,2026,1405,3,2,7,4,4,شنبه
2026-07-03,1405-04-12,2026,1405,3,2,7,4,5,یک‌شنبه
2026-07-04,1405-04-13,2026,1405,3,2,7,4,6,دوشنبه
2026-07-05,1405-04-14,2026,1405,3,2,7,4,7,سه‌شنبه
2026-07-06,1405-04-15,2026,1405,3,2,7,4,1,چهارشنبه
2026-07-07,1405-04-16,2026,1405,3,2,7,4,2,پنج‌شنبه
2026-07-08,1405-04-17,2026,1405,3,2,7,4,3,جمعه
2026-07-09,1405-04-18,2026,1405,3,2,7,4,4,شنبه
2026-07-10,1405-04-19,2026,1405,3,2,7,4,5,یک‌شنبه
2026-07-11,1405-04-20,2026,1405,3,2,7,4,6,دوشنبه
2026-07-12,1405-04-21,2026,1405,3,2,7,4,7,سه‌شنبه
2026-07-13,1405-04-22,2026,1405,3,2,7,4,1,چهارشنبه
2026-07-14,1405-04-23,2026,1405,3,2,7,4,2,پنج‌شنبه
2026-07-15,1405-04-24,2026,1405,3,2,7,4,3,جمعه
2026-07-16,1405-04-25,2026,1405,3,2,7,4,4,شنبه
2026-07-17,1405-04-26,2026,1405,3,2,7,4,5,یک‌شنبه
2026-07-18,1405-04-27,2026,1405,3,2,7,4,6,دوشنبه
2026-07-19,1405-04-28,2026,1405,3,2,7,4,7,سه‌شنبه
2026-07-20,1405-04-29,2026,1405,3,2,7,4,1,چهارشنبه
2026-07-21,1405-04-30,2026,1405,3,2,7,4,2,پنج‌شنبه
2026-07-22,1405-04-31,2026,1405,3,2,7,4,3,جمعه
2026-07-23,1405-05-01,2026,1405,3,2,7,5,4,شنبه
2026-07-24,1405-05-02,2026,1405,3,2,7,5,5,یک‌شنبه
2026-07-25,1405-05-03,2026,1405,3,2,7,5,6,دوشنبه
2026-07-26,1405-05-04,2026,1405,3,2,7,5,7,سه‌شنبه
2026-07-27,1405-05-05,2026,1405,3,2,7,5,1,چهارشنبه
2026-07-28,1405-05-06,2026,1405,3,2,7,5,2,پنج‌شنبه
2026-07-29,1405-05-07,2026,1405,3,2,7,5,3,جمعه
2026-07-30,1405-05-08,2026,1405,3,2,7,5,4,شنبه
2026-07-31,1405-05-09,2026,1405,3,2,7,5,5,یک‌شنبه
2026-08-01,1405-05-10,2026,1405,3,2,8,5,6,دوشنبه
2026-08-02,1405-05-11,2026,1405,3,2,8,5,7,سه‌شنبه
2026-08-03,1405-05-12,2026,1405,3,2,8,5,1,چهارشنبه
2026-08-04,1405-05-13,2026,1405,3,2,8,5,2,پنج‌شنبه
2026-08-05,1405-05-14,2026,1405,3,2,8,5,3,جمعه
2026-08-06,1405-05-15,2026,1405,3,2,8,5,4,شنبه
2026-08-07,1405-05-16,2026,1405,3,2,8,5,5,یک‌شنبه
2026-08-08,1405-05-17,2026,1405,3,2,8,5,6,دوشنبه
2026-08-09,1405-05-18,2026,1405,3,2,8,5,7,سه‌شنبه
2026-08-10,1405-05-19,2026,1405,3,2,8,5,1,چهارشنبه
2026-08-11,1405-05-20,2026,1405,3,2,8,5,2,پنج‌شنبه
2026-08-12,1405-05-21,2026,1405,3,2,8,5,3,جمعه
2026-08-13,1405-05-22,2026,1405,3,2,8,5,4,شنبه
2026-08-14,1405-05-23,2026,1405,3,2,8,5,5,یک‌شنبه
2026-08-15,1405-05-24,2026,1405,3,2,8,5,6,دوشنبه
2026-08-16,1405-05-25,2026,1405,3,2,8,5,7,سه‌شنبه
2026-08-17,1405-05-26,2026,1405,3,2,8,5,1,چهارشنبه
2026-08-18,1405-05-27,2026,1405,3,2,8,5,2,پنج‌شنبه
2026-08-19,1405-05-28,2026,1405,3,2,8,5,3,جمعه
2026-08-20,1405-05-29,2026,1405,3,2,8,5,4,شنبه
2026-08-21,1405-05-30,2026,1405,3,2,8,5,5,یک‌شنبه
2026-08-22,1405-05-31,2026,1405,3,2,8,5,6,دوشنبه
2026-08-23,1405-06-01,2026,1405,3,2,8,6,7,سه‌شنبه
2026-08-24,1405-06-02,2026,1405,3,2,8,6,1,چهارشنبه
2026-08-25,1405-06-03,2026,1405,3,2,8,6,2,پنج‌شنبه
2026-08-26,1405-06-04,2026,1405,3,2,8,6,3,جمعه
2026-08-27,1405-06-05,2026,1405,3,2,8,6,4,شنبه
2026-08-28,1405-06-06,2026,1405,3,2,8,6,5,یک‌شنبه
2026-08-29,1405-06-07,2026,1405,3,2,8,6,6,دوشنبه
2026-08-30,1405-06-08,2026,1405,3,2,8,6,7,سه‌شنبه
2026-08-31,1405-06-09,2026,1405,3,2,8,6,1,چهارشنبه
2026-09-01,1405-06-10,2026,1405,3,2,9,6,2,پنج‌شنبه
2026-09-02,1405-06-11,2026,1405,3,2,9,6,3,جمعه
2026-09-03,1405-06-12,2026,1405,3,2,9,6,4,شنبه
2026-09-04,1405-06-13,2026,1405,3,2,9,6,5,یک‌شنبه
2026-09-05,1405-06-14,2026,1405,3,2,9,6,6,دوشنبه
2026-09-06,1405-06-15,2026,1405,3,2,9,6,7,سه‌شنبه
2026-09-07,1405-06-16,2026,1405,3,2,9,6,1,چهارشنبه
2026-09-08,1405-06-17,2026,1405,3,2,9,6,2,پنج‌شنبه
2026-09-09,1405-06-18,2026,1405,3,2,9,6,3,جمعه
2026-09-10,1405-06-19,2026,1405,3,2,9,6,4,شنبه
2026-09-11,1405-06-20,2026,1405,3,2,9,6,5,یک‌شنبه
2026-09-12,1405-06-21,2026,1405,3,2,9,6,6,دوشنبه
2026-09-13,1405-06-22,2026,1405,3,2,9,6,7,سه‌شنبه
2026-09-14,1405-06-23,2026,1405,3,2,9,6,1,چهارشنبه
2026-09-15,1405-06-24,2026,1405,3,2,9,6,2,پنج‌شنبه
2026-09-16,1405-06-25,2026,1405,3,2,9,6,3,جمعه
2026-09-17,1405-06-26,2026,1405,3,2,9,6,4,شنبه
2026-09-18,1405-06-27,2026,1405,3,2,9,6,5,یک‌شنبه
2026-09-19,1405-06-28,2026,1405,3,2,9,6,6,دوشنبه
2026-09-20,1405-06-29,2026,1405,3,2,9,6,7,سه‌شنبه
2026-09-21,1405-06-30,2026,1405,3,2,9,6,1,چهارشنبه
2026-09-22,1405-06-31,2026,1405,3,2,9,6,2,پنج‌شنبه
2026-09-23,1405-07-01,2026,1405,3,3,9,7,3,جمعه
2026-09-24,1405-07-02,2026,1405,3,3,9,7,4,شنبه
2026-09-25,1405-07-03,2026,1405,3,3,9,7,5,یک‌شنبه
2026-09-26,1405-07-04,2026,1405,3,3,9,7,6,دوشنبه
2026-09-27,1405-07-05,2026,1405,3,3,9,7,7,سه‌شنبه
2026-09-28,1405-07-06,2026,1405,3,3,9,7,1,چهارشنبه
2026-09-29,1405-07-07,2026,1405,3,3,9,7,2,پنج‌شنبه
2026-09-30,1405-07-08,2026,1405,3,3,9,7,3,جمعه
2026-10-01,1405-07-09,2026,1405,4,3,10,7,4,شنبه
2026-10-02,1405-07-10,2026,1405,4,3,10,7,5,یک‌شنبه
2026-10-03,1405-07-11,2026,1405,4,3,10,7,6,دوشنبه
2026-10-04,1405-07-12,2026,1405,4,3,10,7,7,سه‌شنبه
2026-10-05,1405-07-13,2026,1405,4,3,10,7,1,چهارشنبه
2026-10-06,1405-07-14,2026,1405,4,3,10,7,2,پنج‌شنبه
2026-10-07,1405-07-15,2026,1405,4,3,10,7,3,جمعه
2026-10-08,1405-07-16,2026,1405,4,3,10,7,4,شنبه
2026-10-09,1405-07-17,2026,1405,4,3,10,7,5,یک‌شنبه
2026-10-10,1405-07-18,2026,1405,4,3,10,7,6,دوشنبه
2026-10-11,1405-07-19,2026,1405,4,3,10,7,7,سه‌شنبه
2026-10-12,1405-07-20,2026,1405,4,3,10,7,1,چهارشنبه
2026-10-13,1405-07-21,2026,1405,4,3,10,7,2,پنج‌شنبه
2026-10-14,1405-07-22,2026,1405,4,3,10,7,3,جمعه
2026-10-15,1405-07-23,2026,1405,4,3,10,7,4,شنبه
2026-10-16,1405-07-24,2026,1405,4,3,10,7,5,یک‌شنبه
2026-10-17,1405-07-25,2026,1405,4,3,10,7,6,دوشنبه
2026-10-18,1405-07-26,2026,1405,4,3,10,7,7,سه‌شنبه
2026-10-19,1405-07-27,2026,1405,4,3,10,7,1,چهارشنبه
2026-10-20,1405-07-28,2026,1405,4,3,10,7,2,پنج‌شنبه
2026-10-21,1405-07-29,2026,1405,4,3,10,7,3,جمعه
2026-10-22,1405-07-30,2026,1405,4,3,10,7,4,شنبه
2026-10-23,1405-08-01,2026,1405,4,3,10,8,5,یک‌شنبه
2026-10-24,1405-08-02,2026,1405,4,3,10,8,6,دوشنبه
2026-10-25,1405-08-03,2026,1405,4,3,10,8,7,سه‌شنبه
2026-10-26,1405-08-04,2026,1405,4,3,10,8,1,چهارشنبه
2026-10-27,1405-08-05,2026,1405,4,3,10,8,2,پنج‌شنبه
2026-10-28,1405-08-06,2026,1405,4,3,10,8,3,جمعه
2026-10-29,1405-08-07,2026,1405,4,3,10,8,4,شنبه
2026-10-30,1405-08-08,2026,1405,4,3,10,8,5,یک‌شنبه
2026-10-31,1405-08-09,2026,1405,4,3,10,8,6,دوشنبه
2026-11-01,1405-08-10,2026,1405,4,3,11,8,7,سه‌شنبه
2026-11-02,1405-08-11,2026,1405,4,3,11,8,1,چهارشنبه
2026-11-03,1405-08-12,2026,1405,4,3,11,8,2,پنج‌شنبه
2026-11-04,1405-08-13,2026,1405,4,3,11,8,3,جمعه
2026-11-05,1405-08-14,2026,1405,4,3,11,8,4,شنبه
2026-11-06,1405-08-15,2026,1405,4,3,11,8,5,یک‌شنبه
2026-11-07,1405-08-16,2026,1405,4,3,11,8,6,دوشنبه
2026-11-08,1405-08-17,2026,1405,4,3,11,8,7,سه‌شنبه
2026-11-09,1405-08-18,2026,1405,4,3,11,8,1,چهارشنبه
2026-11-10,1405-08-19,2026,1405,4,3,11,8,2,پنج‌شنبه
2026-11-11,1405-08-20,2026,1405,4,3,11,8,3,جمعه
2026-11-12,1405-08-21,2026,1405,4,3,11,8,4,شنبه
2026-11-13,1405-08-22,2026,1405,4,3,11,8,5,یک‌شنبه
2026-11-14,1405-08-23,2026,1405,4,3,11,8,6,دوشنبه
2026-11-15,1405-08-24,2026,1405,4,3,11,8,7,سه‌شنبه
2026-11-16,1405-08-25,2026,1405,4,3,11,8,1,چهارشنبه
2026-11-17,1405-08-26,2026,1405,4,3,11,8,2,پنج‌شنبه
2026-11-18,1405-08-27,2026,1405,4,3,11,8,3,جمعه
2026-11-19,1405-08-28,2026,1405,4,3,11,8,4,شنبه
2026-11-20,1405-08-29,2026,1405,4,3,11,8,5,یک‌شنبه
2026-11-21,1405-08-30,2026,1405,4,3,11,8,6,دوشنبه
2026-11-22,1405-09-01,2026,1405,4,3,11,9,7,سه‌شنبه
2026-11-23,1405-09-02,2026,1405,4,3,11,9,1,چهارشنبه
2026-11-24,1405-09-03,2026,1405,4,3,11,9,2,پنج‌شنبه
2026-11-25,1405-09-04,2026,1405,4,3,11,9,3,جمعه
2026-11-26,1405-09-05,2026,1405,4,3,11,9,4,شنبه
2026-11-27,1405-09-06,2026,1405,4,3,11,9,5,یک‌شنبه
2026-11-28,1405-09-07,2026,1405,4,3,11,9,6,دوشنبه
2026-11-29,1405-09-08,2026,1405,4,3,11,9,7,سه‌شنبه
2026-11-30,1405-09-09,2026,1405,4,3,11,9,1,چهارشنبه
2026-12-01,1405-09-10,2026,1405,4,3,12,9,2,پنج‌شنبه
2026-12-02,1405-09-11,2026,1405,4,3,12,9,3,جمعه
2026-12-03,1405-09-12,2026,1405,4,3,12,9,4,شنبه
2026-12-04,1405-09-13,2026,1405,4,3,12,9,5,یک‌شنبه
2026-12-05,1405-09-14,2026,1405,4,3,12,9,6,دوشنبه
2026-12-06,1405-09-15,2026,1405,4,3,12,9,7,سه‌شنبه
2026-12-07,1405-09-16,2026,1405,4,3,12,9,1,چهارشنبه
2026-12-08,1405-09-17,2026,1405,4,3,12,9,2,پنج‌شنبه
2026-12-09,1405-09-18,2026,1405,4,3,12,9,3,جمعه
2026-12-10,1405-09-19,2026,1405,4,3,12,9,4,شنبه
2026-12-11,1405-09-20,2026,1405,4,3,12,9,5,یک‌شنبه
2026-12-12,1405-09-21,2026,1405,4,3,12,9,6,دوشنبه
2026-12-13,1405-09-22,2026,1405,4,3,12,9,7,سه‌شنبه
2026-12-14,1405-09-23,2026,1405,4,3,12,9,1,چهارشنبه
2026-12-15,1405-09-24,2026,1405,4,3,12,9,2,پنج‌شنبه
2026-12-16,1405-09-25,2026,1405,4,3,12,9,3,جمعه
2026-12-17,1405-09-26,2026,1405,4,3,12,9,4,شنبه
2026-12-18,1405-09-27,2026,1405,4,3,12,9,5,یک‌شنبه
2026-12-19,1405-09-28,2026,1405,4,3,12,9,6,دوشنبه
2026-12-20,1405-09-29,2026,1405,4,3,12,9,7,سه‌شنبه
2026-12-21,1405-09-30,2026,1405,4,3,12,9,1,چهارشنبه
2026-12-22,1405-10-01,2026,1405,4,4,12,10,2,پنج‌شنبه
2026-12-23,1405-10-02,2026,1405,4,4,12,10,3,جمعه
2026-12-24,1405-10-03,2026,1405,4,4,12,10,4,شنبه
2026-12-25,1405-10-04,2026,1405,4,4,12,10,5,یک‌شنبه
2026-12-26,1405-10-05,2026,1405,4,4,12,10,6,دوشنبه
2026-12-27,1405-10-06,2026,1405,4,4,12,10,7,سه‌شنبه
2026-12-28,1405-10-07,2026,1405,4,4,12,10,1,چهارشنبه
2026-12-29,1405-10-08,2026,1405,4,4,12,10,2,پنج‌شنبه
2026-12-30,1405-10-09,2026,1405,4,4,12,10,3,جمعه
2026-12-31,1405-10-10,2026,1405,4,4,12,10,4,شنبه
2027-01-01,1405-10-11,2027,1405,1,4,1,10,5,یک‌شنبه
2027-01-02,1405-10-12,2027,1405,1,4,1,10,6,دوشنبه
2027-01-03,1405-10-13,2027,1405,1,4,1,10,7,سه‌شنبه
2027-01-04,1405-10-14,2027,1405,1,4,1,10,1,چهارشنبه
2027-01-05,1405-10-15,2027,1405,1,4,1,10,2,پنج‌شنبه
2027-01-06,1405-10-16,2027,1405,1,4,1,10,3,جمعه
2027-01-07,1405-10-17,2027,1405,1,4,1,10,4,شنبه
2027-01-08,1405-10-18,2027,1405,1,4,1,10,5,یک‌شنبه
2027-01-09,1405-10-19,2027,1405,1,4,1,10,6,دوشنبه
2027-01-10,1405-10-20,2027,1405,1,4,1,10,7,سه‌شنبه
2027-01-11,1405-10-21,2027,1405,1,4,1,10,1,چهارشنبه
2027-01-12,1405-10-22,2027,1405,1,4,1,10,2,پنج‌شنبه
2027-01-13,1405-10-23,2027,1405,1,4,1,10,3,جمعه
2027-01-14,1405-10-24,2027,1405,1,4,1,10,4,شنبه
2027-01-15,1405-10-25,2027,1405,1,4,1,10,5,یک‌شنبه
2027-01-16,1405-10-26,2027,1405,1,4,1,10,6,دوشنبه
2027-01-17,1405-10-27,2027,1405,1,4,1,10,7,سه‌شنبه
2027-01-18,1405-10-28,2027,1405,1,4,1,10,1,چهارشنبه
2027-01-19,1405-10-29,2027,1405,1,4,1,10,2,پنج‌شنبه
2027-01-20,1405-10-30,2027,1405,1,4,1,10,3,جمعه
2027-01-21,1405-11-01,2027,1405,1,4,1,11,4,شنبه
2027-01-22,1405-11-02,2027,1405,1,4,1,11,5,یک‌شنبه
2027-01-23,1405-11-03,2027,1405,1,4,1,11,6,دوشنبه
2027-01-24,1405-11-04,2027,1405,1,4,1,11,7,سه‌شنبه
2027-01-25,1405-11-05,2027,1405,1,4,1,11,1,چهارشنبه
2027-01-26,1405-11-06,2027,1405,1,4,1,11,2,پنج‌شنبه
2027-01-27,1405-11-07,2027,1405,1,4,1,11,3,جمعه
2027-01-28,1405-11-08,2027,1405,1,4,1,11,4,شنبه
2027-01-29,1405-11-09,2027,1405,1,4,1,11,5,یک‌شنبه
2027-01-30,1405-11-10,2027,1405,1,4,1,11,6,دوشنبه
2027-01-31,1405-11-11,2027,1405,1,4,1,11,7,سه‌شنبه
2027-02-01,1405-11-12,2027,1405,1,4,2,11,1,چهارشنبه
2027-02-02,1405-11-13,2027,1405,1,4,2,11,2,پنج‌شنبه
2027-02-03,1405-11-14,2027,1405,1,4,2,11,3,جمعه
2027-02-04,1405-11-15,2027,1405,1,4,2,11,4,شنبه
2027-02-05,1405-11-16,2027,1405,1,4,2,11,5,یک‌شنبه
2027-02-06,1405-11-17,2027,1405,1,4,2,11,6,دوشنبه
2027-02-07,1405-11-18,2027,1405,1,4,2,11,7,سه‌شنبه
2027-02-08,1405-11-19,2027,1405,1,4,2,11,1,چهارشنبه
2027-02-09,1405-11-20,2027,1405,1,4,2,11,2,پنج‌شنبه
2027-02-10,1405-11-21,2027,1405,1,4,2,11,3,جمعه
2027-02-11,1405-11-22,2027,1405,1,4,2,11,4,شنبه
2027-02-12,1405-11-23,2027,1405,1,4,2,11,5,یک‌شنبه
2027-02-13,1405-11-24,2027,1405,1,4,2,11,6,دوشنبه
2027-02-14,1405-11-25,2027,1405,1,4,2,11,7,سه‌شنبه
2027-02-15,1405-11-26,2027,1405,1,4,2,11,1,چهارشنبه
2027-02-16,1405-11-27,2027,1405,1,4,2,11,2,پنج‌شنبه
2027-02-17,1405-11-28,2027,1405,1,4,2,11,3,جمعه
2027-02-18,1405-11-29,2027,1405,1,4,2,11,4,شنبه
2027-02-19,1405-11-30,2027,1405,1,4,2,11,5,یک‌شنبه
2027-02-20,1405-12-01,2027,1405,1,4,2,12,6,دوشنبه
2027-02-21,1405-12-02,2027,1405,1,4,2,12,7,سه‌شنبه
2027-02-22,1405-12-03,2027,1405,1,4,2,12,1,چهارشنبه
2027-02-23,1405-12-04,2027,1405,1,4,2,12,2,پنج‌شنبه
2027-02-24,1405-12-05,2027,1405,1,4,2,12,3,جمعه
2027-02-25,1405-12-06,2027,1405,1,4,2,12,4,شنبه
2027-02-26,1405-12-07,2027,1405,1,4,2,12,5,یک‌شنبه
2027-02-27,1405-12-08,2027,1405,1,4,2,12,6,دوشنبه
2027-02-28,1405-12-09,2027,1405,1,4,2,12,7,سه‌شنبه
2027-03-01,1405-12-10,2027,1405,1,4,3,12,1,چهارشنبه
2027-03-02,1405-12-11,2027,1405,1,4,3,12,2,پنج‌شنبه
2027-03-03,1405-12-12,2027,1405,1,4,3,12,3,جمعه
2027-03-04,1405-12-13,2027,1405,1,4,3,12,4,شنبه
2027-03-05,1405-12-14,2027,1405,1,4,3,12,5,یک‌شنبه
2027-03-06,1405-12-15,2027,1405,1,4,3,12,6,دوشنبه
2027-03-07,1405-12-16,2027,1405,1,4,3,12,7,سه‌شنبه
2027-03-08,1405-12-17,2027,1405,1,4,3,12,1,چهارشنبه
2027-03-09,1405-12-18,2027,1405,1,4,3,12,2,پنج‌شنبه
2027-03-10,1405-12-19,2027,1405,1,4,3,12,3,جمعه
2027-03-11,1405-12-20,2027,1405,1,4,3,12,4,شنبه
2027-03-12,1405-12-21,2027,1405,1,4,3,12,5,یک‌شنبه
2027-03-13,1405-12-22,2027,1405,1,4,3,12,6,دوشنبه
2027-03-14,1405-12-23,2027,1405,1,4,3,12,7,سه‌شنبه
2027-03-15,1405-12-24,2027,1405,1,4,3,12,1,چهارشنبه
2027-03-16,1405-12-25,2027,1405,1,4,3,12,2,پنج‌شنبه
2027-03-17,1405-12-26,2027,1405,1,4,3,12,3,جمعه
2027-03-18,1405-12-27,2027,1405,1,4,3,12,4,شنبه
2027-03-19,1405-12-28,2027,1405,1,4,3,12,5,یک‌شنبه
2027-03-20,1405-12-29,2027,1405,1,4,3,12,6,دوشنبه
2027-03-21,1406-01-01,2027,1406,1,1,3,1,7,سه‌شنبه
2027-03-22,1406-01-02,2027,1406,1,1,3,1,1,چهارشنبه
2027-03-23,1406-01-03,2027,1406,1,1,3,1,2,پنج‌شنبه
2027-03-24,1406-01-04,2027,1406,1,1,3,1,3,جمعه
2027-03-25,1406-01-05,2027,1406,1,1,3,1,4,شنبه
2027-03-26,1406-01-06,2027,1406,1,1,3,1,5,یک‌شنبه
2027-03-27,1406-01-07,2027,1406,1,1,3,1,6,دوشنبه
2027-03-28,1406-01-08,2027,1406,1,1,3,1,7,سه‌شنبه
2027-03-29,1406-01-09,2027,1406,1,1,3,1,1,چهارشنبه
2027-03-30,1406-01-10,2027,1406,1,1,3,1,2,پنج‌شنبه
2027-03-31,1406-01-11,2027,1406,1,1,3,1,3,جمعه
2027-04-01,1406-01-12,2027,1406,2,1,4,1,4,شنبه
2027-04-02,1406-01-13,2027,1406,2,1,4,1,5,یک‌شنبه
2027-04-03,1406-01-14,2027,1406,2,1,4,1,6,دوشنبه
2027-04-04,1406-01-15,2027,1406,2,1,4,1,7,سه‌شنبه
2027-04-05,1406-01-16,2027,1406,2,1,4,1,1,چهارشنبه
2027-04-06,1406-01-17,2027,1406,2,1,4,1,2,پنج‌شنبه
2027-04-07,1406-01-18,2027,1406,2,1,4,1,3,جمعه
2027-04-08,1406-01-19,2027,1406,2,1,4,1,4,شنبه
2027-04-09,1406-01-20,2027,1406,2,1,4,1,5,یک‌شنبه
2027-04-10,1406-01-21,2027,1406,2,1,4,1,6,دوشنبه
2027-04-11,1406-01-22,2027,1406,2,1,4,1,7,سه‌شنبه
2027-04-12,1406-01-23,2027,1406,2,1,4,1,1,چهارشنبه
2027-04-13,1406-01-24,2027,1406,2,1,4,1,2,پنج‌شنبه
2027-04-14,1406-01-25,2027,1406,2,1,4,1,3,جمعه
2027-04-15,1406-01-26,2027,1406,2,1,4,1,4,شنبه
2027-04-16,1406-01-27,2027,1406,2,1,4,1,5,یک‌شنبه
2027-04-17,1406-01-28,2027,1406,2,1,4,1,6,دوشنبه
2027-04-18,1406-01-29,2027,1406,2,1,4,1,7,سه‌شنبه
2027-04-19,1406-01-30,2027,1406,2,1,4,1,1,چهارشنبه
2027-04-20,1406-01-31,2027,1406,2,1,4,1,2,پنج‌شنبه
2027-04-21,1406-02-01,2027,1406,2,1,4,2,3,جمعه
2027-04-22,1406-02-02,2027,1406,2,1,4,2,4,شنبه
2027-04-23,1406-02-03,2027,1406,2,1,4,2,5,یک‌شنبه
2027-04-24,1406-02-04,2027,1406,2,1,4,2,6,دوشنبه
2027-04-25,1406-02-05,2027,1406,2,1,4,2,7,سه‌شنبه
2027-04-26,1406-02-06,2027,1406,2,1,4,2,1,چهارشنبه
2027-04-27,1406-02-07,2027,1406,2,1,4,2,2,پنج‌شنبه
2027-04-28,1406-02-08,2027,1406,2,1,4,2,3,جمعه
2027-04-29,1406-02-09,2027,1406,2,1,4,2,4,شنبه
2027-04-30,1406-02-10,2027,1406,2,1,4,2,5,یک‌شنبه
2027-05-01,1406-02-11,2027,1406,2,1,5,2,6,دوشنبه
2027-05-02,1406-02-12,2027,1406,2,1,5,2,7,سه‌شنبه
2027-05-03,1406-02-13,2027,1406,2,1,5,2,1,چهارشنبه
2027-05-04,1406-02-14,2027,1406,2,1,5,2,2,پنج‌شنبه
2027-05-05,1406-02-15,2027,1406,2,1,5,2,3,جمعه
2027-05-06,1406-02-16,2027,1406,2,1,5,2,4,شنبه
2027-05-07,1406-02-17,2027,1406,2,1,5,2,5,یک‌شنبه
2027-05-08,1406-02-18,2027,1406,2,1,5,2,6,دوشنبه
2027-05-09,1406-02-19,2027,1406,2,1,5,2,7,سه‌شنبه
2027-05-10,1406-02-20,2027,1406,2,1,5,2,1,چهارشنبه
2027-05-11,1406-02-21,2027,1406,2,1,5,2,2,پنج‌شنبه
2027-05-12,1406-02-22,2027,1406,2,1,5,2,3,جمعه
2027-05-13,1406-02-23,2027,1406,2,1,5,2,4,شنبه
2027-05-14,1406-02-24,2027,1406,2,1,5,2,5,یک‌شنبه
2027-05-15,1406-02-25,2027,1406,2,1,5,2,6,دوشنبه
2027-05-16,1406-02-26,2027,1406,2,1,5,2,7,سه‌شنبه
2027-05-17,1406-02-27,2027,1406,2,1,5,2,1,چهارشنبه
2027-05-18,1406-02-28,2027,1406,2,1,5,2,2,پنج‌شنبه
2027-05-19,1406-02-29,2027,1406,2,1,5,2,3,جمعه
2027-05-20,1406-02-30,2027,1406,2,1,5,2,4,شنبه
2027-05-21,1406-02-31,2027,1406,2,1,5,2,5,یک‌شنبه
2027-05-22,1406-03-01,2027,1406,2,1,5,3,6,دوشنبه
2027-05-23,1406-03-02,2027,1406,2,1,5,3,7,سه‌شنبه
2027-05-24,1406-03-03,2027,1406,2,1,5,3,1,چهارشنبه
2027-05-25,1406-03-04,2027,1406,2,1,5,3,2,پنج‌شنبه
2027-05-26,1406-03-05,2027,1406,2,1,5,3,3,جمعه
2027-05-27,1406-03-06,2027,1406,2,1,5,3,4,شنبه
2027-05-28,1406-03-07,2027,1406,2,1,5,3,5,یک‌شنبه
2027-05-29,1406-03-08,2027,1406,2,1,5,3,6,دوشنبه
2027-05-30,1406-03-09,2027,1406,2,1,5,3,7,سه‌شنبه
2027-05-31,1406-03-10,2027,1406,2,1,5,3,1,چهارشنبه
2027-06-01,1406-03-11,2027,1406,2,1,6,3,2,پنج‌شنبه
2027-06-02,1406-03-12,2027,1406,2,1,6,3,3,جمعه
2027-06-03,1406-03-13,2027,1406,2,1,6,3,4,شنبه
2027-06-04,1406-03-14,2027,1406,2,1,6,3,5,یک‌شنبه
2027-06-05,1406-03-15,2027,1406,2,1,6,3,6,دوشنبه
2027-06-06,1406-03-16,2027,1406,2,1,6,3,7,سه‌شنبه
2027-06-07,1406-03-17,2027,1406,2,1,6,3,1,چهارشنبه
2027-06-08,1406-03-18,2027,1406,2,1,6,3,2,پنج‌شنبه
2027-06-09,1406-03-19,2027,1406,2,1,6,3,3,جمعه
2027-06-10,1406-03-20,2027,1406,2,1,6,3,4,شنبه
2027-06-11,1406-03-21,2027,1406,2,1,6,3,5,یک‌شنبه
2027-06-12,1406-03-22,2027,1406,2,1,6,3,6,دوشنبه
2027-06-13,1406-03-23,2027,1406,2,1,6,3,7,سه‌شنبه
2027-06-14,1406-03-24,2027,1406,2,1,6,3,1,چهارشنبه
2027-06-15,1406-03-25,2027,1406,2,1,6,3,2,پنج‌شنبه
2027-06-16,1406-03-26,2027,1406,2,1,6,3,3,جمعه
2027-06-17,1406-03-27,2027,1406,2,1,6,3,4,شنبه
2027-06-18,1406-03-28,2027,1406,2,1,6,3,5,یک‌شنبه
2027-06-19,1406-03-29,2027,1406,2,1,6,3,6,دوشنبه
2027-06-20,1406-03-30,2027,1406,2,1,6,3,7,سه‌شنبه
2027-06-21,1406-03-31,2027,1406,2,1,6,3,1,چهارشنبه
2027-06-22,1406-04-01,2027,1406,2,2,6,4,2,پنج‌شنبه
2027-06-23,1406-04-02,2027,1406,2,2,6,4,3,جمعه
2027-06-24,1406-04-03,2027,1406,2,2,6,4,4,شنبه
2027-06-25,1406-04-04,2027,1406,2,2,6,4,5,یک‌شنبه
2027-06-26,1406-04-05,2027,1406,2,2,6,4,6,دوشنبه
2027-06-27,1406-04-06,2027,1406,2,2,6,4,7,سه‌شنبه
2027-06-28,1406-04-07,2027,1406,2,2,6,4,1,چهارشنبه
2027-06-29,1406-04-08,2027,1406,2,2,6,4,2,پنج‌شنبه
2027-06-30,1406-04-09,2027,1406,2,2,6,4,3,جمعه
2027-07-01,1406-04-10,2027,1406,3,2,7,4,4,شنبه
2027-07-02,1406-04-11,2027,1406,3,2,7,4,5,یک‌شنبه
2027-07-03,1406-04-12,2027,1406,3,2,7,4,6,دوشنبه
2027-07-04,1406-04-13,2027,1406,3,2,7,4,7,سه‌شنبه
2027-07-05,1406-04-14,2027,1406,3,2,7,4,1,چهارشنبه
2027-07-06,1406-04-15,2027,1406,3,2,7,4,2,پنج‌شنبه
2027-07-07,1406-04-16,2027,1406,3,2,7,4,3,جمعه
2027-07-08,1406-04-17,2027,1406,3,2,7,4,4,شنبه
2027-07-09,1406-04-18,2027,1406,3,2,7,4,5,یک‌شنبه
2027-07-10,1406-04-19,2027,1406,3,2,7,4,6,دوشنبه
2027-07-11,1406-04-20,2027,1406,3,2,7,4,7,سه‌شنبه
2027-07-12,1406-04-21,2027,1406,3,2,7,4,1,چهارشنبه
2027-07-13,1406-04-22,2027,1406,3,2,7,4,2,پنج‌شنبه
2027-07-14,1406-04-23,2027,1406,3,2,7,4,3,جمعه
2027-07-15,1406-04-24,2027,1406,3,2,7,4,4,شنبه
2027-07-16,1406-04-25,2027,1406,3,2,7,4,5,یک‌شنبه
2027-07-17,1406-04-26,2027,1406,3,2,7,4,6,دوشنبه
2027-07-18,1406-04-27,2027,1406,3,2,7,4,7,سه‌شنبه
2027-07-19,1406-04-28,2027,1406,3,2,7,4,1,چهارشنبه
2027-07-20,1406-04-29,2027,1406,3,2,7,4,2,پنج‌شنبه
2027-07-21,1406-04-30,2027,1406,3,2,7,4,3,جمعه
2027-07-22,1406-04-31,2027,1406,3,2,7,4,4,شنبه
2027-07-23,1406-05-01,2027,1406,3,2,7,5,5,یک‌شنبه
2027-07-24,1406-05-02,2027,1406,3,2,7,5,6,دوشنبه
2027-07-25,1406-05-03,2027,1406,3,2,7,5,7,سه‌شنبه
2027-07-26,1406-05-04,2027,1406,3,2,7,5,1,چهارشنبه
2027-07-27,1406-05-05,2027,1406,3,2,7,5,2,پنج‌شنبه
2027-07-28,1406-05-06,2027,1406,3,2,7,5,3,جمعه
2027-07-29,1406-05-07,2027,1406,3,2,7,5,4,شنبه
2027-07-30,1406-05-08,2027,1406,3,2,7,5,5,یک‌شنبه
2027-07-31,1406-05-09,2027,1406,3,2,7,5,6,دوشنبه
2027-08-01,1406-05-10,2027,1406,3,2,8,5,7,سه‌شنبه
2027-08-02,1406-05-11,2027,1406,3,2,8,5,1,چهارشنبه
2027-08-03,1406-05-12,2027,1406,3,2,8,5,2,پنج‌شنبه
2027-08-04,1406-05-13,2027,1406,3,2,8,5,3,جمعه
2027-08-05,1406-05-14,2027,1406,3,2,8,5,4,شنبه
2027-08-06,1406-05-15,2027,1406,3,2,8,5,5,یک‌شنبه
2027-08-07,1406-05-16,2027,1406,3,2,8,5,6,دوشنبه
2027-08-08,1406-05-17,2027,1406,3,2,8,5,7,سه‌شنبه
2027-08-09,1406-05-18,2027,1406,3,2,8,5,1,چهارشنبه
2027-08-10,1406-05-19,2027,1406,3,2,8,5,2,پنج‌شنبه
2027-08-11,1406-05-20,2027,1406,3,2,8,5,3,جمعه
2027-08-12,1406-05-21,2027,1406,3,2,8,5,4,شنبه
2027-08-13,1406-05-22,2027,1406,3,2,8,5,5,یک‌شنبه
2027-08-14,1406-05-23,2027,1406,3,2,8,5,6,دوشنبه
2027-08-15,1406-05-24,2027,1406,3,2,8,5,7,سه‌شنبه
2027-08-16,1406-05-25,2027,1406,3,2,8,5,1,چهارشنبه
2027-08-17,1406-05-26,2027,1406,3,2,8,5,2,پنج‌شنبه
2027-08-18,1406-05-27,2027,1406,3,2,8,5,3,جمعه
2027-08-19,1406-05-28,2027,1406,3,2,8,5,4,شنبه
2027-08-20,1406-05-29,2027,1406,3,2,8,5,5,یک‌شنبه
2027-08-21,1406-05-30,2027,1406,3,2,8,5,6,دوشنبه
2027-08-22,1406-05-31,2027,1406,3,2,8,5,7,سه‌شنبه
2027-08-23,1406-06-01,2027,1406,3,2,8,6,1,چهارشنبه
2027-08-24,1406-06-02,2027,1406,3,2,8,6,2,پنج‌شنبه
2027-08-25,1406-06-03,2027,1406,3,2,8,6,3,جمعه
2027-08-26,1406-06-04,2027,1406,3,2,8,6,4,شنبه
2027-08-27,1406-06-05,2027,1406,3,2,8,6,5,یک‌شنبه
2027-08-28,1406-06-06,2027,1406,3,2,8,6,6,دوشنبه
2027-08-29,1406-06-07,2027,1406,3,2,8,6,7,سه‌شنبه
2027-08-30,1406-06-08,2027,1406,3,2,8,6,1,چهارشنبه
2027-08-31,1406-06-09,2027,1406,3,2,8,6,2,پنج‌شنبه
2027-09-01,1406-06-10,2027,1406,3,2,9,6,3,جمعه
2027-09-02,1406-06-11,2027,1406,3,2,9,6,4,شنبه
2027-09-03,1406-06-12,2027,1406,3,2,9,6,5,یک‌شنبه
2027-09-04,1406-06-13,2027,1406,3,2,9,6,6,دوشنبه
2027-09-05,1406-06-14,2027,1406,3,2,9,6,7,سه‌شنبه
2027-09-06,1406-06-15,2027,1406,3,2,9,6,1,چهارشنبه
2027-09-07,1406-06-16,2027,1406,3,2,9,6,2,پنج‌شنبه
2027-09-08,1406-06-17,2027,1406,3,2,9,6,3,جمعه
2027-09-09,1406-06-18,2027,1406,3,2,9,6,4,شنبه
2027-09-10,1406-06-19,2027,1406,3,2,9,6,5,یک‌شنبه
2027-09-11,1406-06-20,2027,1406,3,2,9,6,6,دوشنبه
2027-09-12,1406-06-21,2027,1406,3,2,9,6,7,سه‌شنبه
2027-09-13,1406-06-22,2027,1406,3,2,9,6,1,چهارشنبه
2027-09-14,1406-06-23,2027,1406,3,2,9,6,2,پنج‌شنبه
2027-09-15,1406-06-24,2027,1406,3,2,9,6,3,جمعه
2027-09-16,1406-06-25,2027,1406,3,2,9,6,4,شنبه
2027-09-17,1406-06-26,2027,1406,3,2,9,6,5,یک‌شنبه
2027-09-18,1406-06-27,2027,1406,3,2,9,6,6,دوشنبه
2027-09-19,1406-06-28,2027,1406,3,2,9,6,7,سه‌شنبه
2027-09-20,1406-06-29,2027,1406,3,2,9,6,1,چهارشنبه
2027-09-21,1406-06-30,2027,1406,3,2,9,6,2,پنج‌شنبه
2027-09-22,1406-06-31,2027,1406,3,2,9,6,3,جمعه
2027-09-23,1406-07-01,2027,1406,3,3,9,7,4,شنبه
2027-09-24,1406-07-02,2027,1406,3,3,9,7,5,یک‌شنبه
2027-09-25,1406-07-03,2027,1406,3,3,9,7,6,دوشنبه
2027-09-26,1406-07-04,2027,1406,3,3,9,7,7,سه‌شنبه
2027-09-27,1406-07-05,2027,1406,3,3,9,7,1,چهارشنبه
2027-09-28,1406-07-06,2027,1406,3,3,9,7,2,پنج‌شنبه
2027-09-29,1406-07-07,2027,1406,3,3,9,7,3,جمعه
2027-09-30,1406-07-08,2027,1406,3,3,9,7,4,شنبه
2027-10-01,1406-07-09,2027,1406,4,3,10,7,5,یک‌شنبه
2027-10-02,1406-07-10,2027,1406,4,3,10,7,6,دوشنبه
2027-10-03,1406-07-11,2027,1406,4,3,10,7,7,سه‌شنبه
2027-10-04,1406-07-12,2027,1406,4,3,10,7,1,چهارشنبه
2027-10-05,1406-07-13,2027,1406,4,3,10,7,2,پنج‌شنبه
2027-10-06,1406-07-14,2027,1406,4,3,10,7,3,جمعه
2027-10-07,1406-07-15,2027,1406,4,3,10,7,4,شنبه
2027-10-08,1406-07-16,2027,1406,4,3,10,7,5,یک‌شنبه
2027-10-09,1406-07-17,2027,1406,4,3,10,7,6,دوشنبه
2027-10-10,1406-07-18,2027,1406,4,3,10,7,7,سه‌شنبه
2027-10-11,1406-07-19,2027,1406,4,3,10,7,1,چهارشنبه
2027-10-12,1406-07-20,2027,1406,4,3,10,7,2,پنج‌شنبه
2027-10-13,1406-07-21,2027,1406,4,3,10,7,3,جمعه
2027-10-14,1406-07-22,2027,1406,4,3,10,7,4,شنبه
2027-10-15,1406-07-23,2027,1406,4,3,10,7,5,یک‌شنبه
2027-10-16,1406-07-24,2027,1406,4,3,10,7,6,دوشنبه
2027-10-17,1406-07-25,2027,1406,4,3,10,7,7,سه‌شنبه
2027-10-18,1406-07-26,2027,1406,4,3,10,7,1,چهارشنبه
2027-10-19,1406-07-27,2027,1406,4,3,10,7,2,پنج‌شنبه
2027-10-20,1406-07-28,2027,1406,4,3,10,7,3,جمعه
2027-10-21,1406-07-29,2027,1406,4,3,10,7,4,شنبه
2027-10-22,1406-07-30,2027,1406,4,3,10,7,5,یک‌شنبه
2027-10-23,1406-08-01,2027,1406,4,3,10,8,6,دوشنبه
2027-10-24,1406-08-02,2027,1406,4,3,10,8,7,سه‌شنبه
2027-10-25,1406-08-03,2027,1406,4,3,10,8,1,چهارشنبه
2027-10-26,1406-08-04,2027,1406,4,3,10,8,2,پنج‌شنبه
2027-10-27,1406-08-05,2027,1406,4,3,10,8,3,جمعه
2027-10-28,1406-08-06,2027,1406,4,3,10,8,4,شنبه
2027-10-29,1406-08-07,2027,1406,4,3,10,8,5,یک‌شنبه
2027-10-30,1406-08-08,2027,1406,4,3,10,8,6,دوشنبه
2027-10-31,1406-08-09,2027,1406,4,3,10,8,7,سه‌شنبه
2027-11-01,1406-08-10,2027,1406,4,3,11,8,1,چهارشنبه
2027-11-02,1406-08-11,2027,1406,4,3,11,8,2,پنج‌شنبه
2027-11-03,1406-08-12,2027,1406,4,3,11,8,3,جمعه
2027-11-04,1406-08-13,2027,1406,4,3,11,8,4,شنبه
2027-11-05,1406-08-14,2027,1406,4,3,11,8,5,یک‌شنبه
2027-11-06,1406-08-15,2027,1406,4,3,11,8,6,دوشنبه
2027-11-07,1406-08-16,2027,1406,4,3,11,8,7,سه‌شنبه
2027-11-08,1406-08-17,2027,1406,4,3,11,8,1,چهارشنبه
2027-11-09,1406-08-18,2027,1406,4,3,11,8,2,پنج‌شنبه
2027-11-10,1406-08-19,2027,1406,4,3,11,8,3,جمعه
2027-11-11,1406-08-20,2027,1406,4,3,11,8,4,شنبه
2027-11-12,1406-08-21,2027,1406,4,3,11,8,5,یک‌شنبه
2027-11-13,1406-08-22,2027,1406,4,3,11,8,6,دوشنبه
2027-11-14,1406-08-23,2027,1406,4,3,11,8,7,سه‌شنبه
2027-11-15,1406-08-24,2027,1406,4,3,11,8,1,چهارشنبه
2027-11-16,1406-08-25,2027,1406,4,3,11,8,2,پنج‌شنبه
2027-11-17,1406-08-26,2027,1406,4,3,11,8,3,جمعه
2027-11-18,1406-08-27,2027,1406,4,3,11,8,4,شنبه
2027-11-19,1406-08-28,2027,1406,4,3,11,8,5,یک‌شنبه
2027-11-20,1406-08-29,2027,1406,4,3,11,8,6,دوشنبه
2027-11-21,1406-08-30,2027,1406,4,3,11,8,7,سه‌شنبه
2027-11-22,1406-09-01,2027,1406,4,3,11,9,1,چهارشنبه
2027-11-23,1406-09-02,2027,1406,4,3,11,9,2,پنج‌شنبه
2027-11-24,1406-09-03,2027,1406,4,3,11,9,3,جمعه
2027-11-25,1406-09-04,2027,1406,4,3,11,9,4,شنبه
2027-11-26,1406-09-05,2027,1406,4,3,11,9,5,یک‌شنبه
2027-11-27,1406-09-06,2027,1406,4,3,11,9,6,دوشنبه
2027-11-28,1406-09-07,2027,1406,4,3,11,9,7,سه‌شنبه
2027-11-29,1406-09-08,2027,1406,4,3,11,9,1,چهارشنبه
2027-11-30,1406-09-09,2027,1406,4,3,11,9,2,پنج‌شنبه
2027-12-01,1406-09-10,2027,1406,4,3,12,9,3,جمعه
2027-12-02,1406-09-11,2027,1406,4,3,12,9,4,شنبه
2027-12-03,1406-09-12,2027,1406,4,3,12,9,5,یک‌شنبه
2027-12-04,1406-09-13,2027,1406,4,3,12,9,6,دوشنبه
2027-12-05,1406-09-14,2027,1406,4,3,12,9,7,سه‌شنبه
2027-12-06,1406-09-15,2027,1406,4,3,12,9,1,چهارشنبه
2027-12-07,1406-09-16,2027,1406,4,3,12,9,2,پنج‌شنبه
2027-12-08,1406-09-17,2027,1406,4,3,12,9,3,جمعه
2027-12-09,1406-09-18,2027,1406,4,3,12,9,4,شنبه
2027-12-10,1406-09-19,2027,1406,4,3,12,9,5,یک‌شنبه
2027-12-11,1406-09-20,2027,1406,4,3,12,9,6,دوشنبه
2027-12-12,1406-09-21,2027,1406,4,3,12,9,7,سه‌شنبه
2027-12-13,1406-09-22,2027,1406,4,3,12,9,1,چهارشنبه
2027-12-14,1406-09-23,2027,1406,4,3,12,9,2,پنج‌شنبه
2027-12-15,1406-09-24,2027,1406,4,3,12,9,3,جمعه
2027-12-16,1406-09-25,2027,1406,4,3,12,9,4,شنبه
2027-12-17,1406-09-26,2027,1406,4,3,12,9,5,یک‌شنبه
2027-12-18,1406-09-27,2027,1406,4,3,12,9,6,دوشنبه
2027-12-19,1406-09-28,2027,1406,4,3,12,9,7,سه‌شنبه
2027-12-20,1406-09-29,2027,1406,4,3,12,9,1,چهارشنبه
2027-12-21,1406-09-30,2027,1406,4,3,12,9,2,پنج‌شنبه
2027-12-22,1406-10-01,2027,1406,4,4,12,10,3,جمعه
2027-12-23,1406-10-02,2027,1406,4,4,12,10,4,شنبه
2027-12-24,1406-10-03,2027,1406,4,4,12,10,5,یک‌شنبه
2027-12-25,1406-10-04,2027,1406,4,4,12,10,6,دوشنبه
2027-12-26,1406-10-05,2027,1406,4,4,12,10,7,سه‌شنبه
2027-12-27,1406-10-06,2027,1406,4,4,12,10,1,چهارشنبه
2027-12-28,1406-10-07,2027,1406,4,4,12,10,2,پنج‌شنبه
2027-12-29,1406-10-08,2027,1406,4,4,12,10,3,جمعه
2027-12-30,1406-10-09,2027,1406,4,4,12,10,4,شنبه
2027-12-31,1406-10-10,2027,1406,4,4,12,10,5,یک‌شنبه
2028-01-01,1406-10-11,2028,1406,1,4,1,10,6,دوشنبه
2028-01-02,1406-10-12,2028,1406,1,4,1,10,7,سه‌شنبه
2028-01-03,1406-10-13,2028,1406,1,4,1,10,1,چهارشنبه
2028-01-04,1406-10-14,2028,1406,1,4,1,10,2,پنج‌شنبه
2028-01-05,1406-10-15,2028,1406,1,4,1,10,3,جمعه
2028-01-06,1406-10-16,2028,1406,1,4,1,10,4,شنبه
2028-01-07,1406-10-17,2028,1406,1,4,1,10,5,یک‌شنبه
2028-01-08,1406-10-18,2028,1406,1,4,1,10,6,دوشنبه
2028-01-09,1406-10-19,2028,1406,1,4,1,10,7,سه‌شنبه
2028-01-10,1406-10-20,2028,1406,1,4,1,10,1,چهارشنبه
2028-01-11,1406-10-21,2028,1406,1,4,1,10,2,پنج‌شنبه
2028-01-12,1406-10-22,2028,1406,1,4,1,10,3,جمعه
2028-01-13,1406-10-23,2028,1406,1,4,1,10,4,شنبه
2028-01-14,1406-10-24,2028,1406,1,4,1,10,5,یک‌شنبه
2028-01-15,1406-10-25,2028,1406,1,4,1,10,6,دوشنبه
2028-01-16,1406-10-26,2028,1406,1,4,1,10,7,سه‌شنبه
2028-01-17,1406-10-27,2028,1406,1,4,1,10,1,چهارشنبه
2028-01-18,1406-10-28,2028,1406,1,4,1,10,2,پنج‌شنبه
2028-01-19,1406-10-29,2028,1406,1,4,1,10,3,جمعه
2028-01-20,1406-10-30,2028,1406,1,4,1,10,4,شنبه
2028-01-21,1406-11-01,2028,1406,1,4,1,11,5,یک‌شنبه
2028-01-22,1406-11-02,2028,1406,1,4,1,11,6,دوشنبه
2028-01-23,1406-11-03,2028,1406,1,4,1,11,7,سه‌شنبه
2028-01-24,1406-11-04,2028,1406,1,4,1,11,1,چهارشنبه
2028-01-25,1406-11-05,2028,1406,1,4,1,11,2,پنج‌شنبه
2028-01-26,1406-11-06,2028,1406,1,4,1,11,3,جمعه
2028-01-27,1406-11-07,2028,1406,1,4,1,11,4,شنبه
2028-01-28,1406-11-08,2028,1406,1,4,1,11,5,یک‌شنبه
2028-01-29,1406-11-09,2028,1406,1,4,1,11,6,دوشنبه
2028-01-30,1406-11-10,2028,1406,1,4,1,11,7,سه‌شنبه
2028-01-31,1406-11-11,2028,1406,1,4,1,11,1,چهارشنبه
2028-02-01,1406-11-12,2028,1406,1,4,2,11,2,پنج‌شنبه
2028-02-02,1406-11-13,2028,1406,1,4,2,11,3,جمعه
2028-02-03,1406-11-14,2028,1406,1,4,2,11,4,شنبه
2028-02-04,1406-11-15,2028,1406,1,4,2,11,5,یک‌شنبه
2028-02-05,1406-11-16,2028,1406,1,4,2,11,6,دوشنبه
2028-02-06,1406-11-17,2028,1406,1,4,2,11,7,سه‌شنبه
2028-02-07,1406-11-18,2028,1406,1,4,2,11,1,چهارشنبه
2028-02-08,1406-11-19,2028,1406,1,4,2,11,2,پنج‌شنبه
2028-02-09,1406-11-20,2028,1406,1,4,2,11,3,جمعه
2028-02-10,1406-11-21,2028,1406,1,4,2,11,4,شنبه
2028-02-11,1406-11-22,2028,1406,1,4,2,11,5,یک‌شنبه
2028-02-12,1406-11-23,2028,1406,1,4,2,11,6,دوشنبه
2028-02-13,1406-11-24,2028,1406,1,4,2,11,7,سه‌شنبه
2028-02-14,1406-11-25,2028,1406,1,4,2,11,1,چهارشنبه
2028-02-15,1406-11-26,2028,1406,1,4,2,11,2,پنج‌شنبه
2028-02-16,1406-11-27,2028,1406,1,4,2,11,3,جمعه
2028-02-17,1406-11-28,2028,1406,1,4,2,11,4,شنبه
2028-02-18,1406-11-29,2028,1406,1,4,2,11,5,یک‌شنبه
2028-02-19,1406-11-30,2028,1406,1,4,2,11,6,دوشنبه
2028-02-20,1406-12-01,2028,1406,1,4,2,12,7,سه‌شنبه
2028-02-21,1406-12-02,2028,1406,1,4,2,12,1,چهارشنبه
2028-02-22,1406-12-03,2028,1406,1,4,2,12,2,پنج‌شنبه
2028-02-23,1406-12-04,2028,1406,1,4,2,12,3,جمعه
2028-02-24,1406-12-05,2028,1406,1,4,2,12,4,شنبه
2028-02-25,1406-12-06,2028,1406,1,4,2,12,5,یک‌شنبه
2028-02-26,1406-12-07,2028,1406,1,4,2,12,6,دوشنبه
2028-02-27,1406-12-08,2028,1406,1,4,2,12,7,سه‌شنبه
2028-02-28,1406-12-09,2028,1406,1,4,2,12,1,چهارشنبه
2028-02-29,1406-12-10,2028,1406,1,4,2,12,2,پنج‌شنبه
2028-03-01,1406-12-11,2028,1406,1,4,3,12,3,جمعه
2028-03-02,1406-12-12,2028,1406,1,4,3,12,4,شنبه
2028-03-03,1406-12-13,2028,1406,1,4,3,12,5,یک‌شنبه
2028-03-04,1406-12-14,2028,1406,1,4,3,12,6,دوشنبه
2028-03-05,1406-12-15,2028,1406,1,4,3,12,7,سه‌شنبه
2028-03-06,1406-12-16,2028,1406,1,4,3,12,1,چهارشنبه
2028-03-07,1406-12-17,2028,1406,1,4,3,12,2,پنج‌شنبه
2028-03-08,1406-12-18,2028,1406,1,4,3,12,3,جمعه
2028-03-09,1406-12-19,2028,1406,1,4,3,12,4,شنبه
2028-03-10,1406-12-20,2028,1406,1,4,3,12,5,یک‌شنبه
2028-03-11,1406-12-21,2028,1406,1,4,3,12,6,دوشنبه
2028-03-12,1406-12-22,2028,1406,1,4,3,12,7,سه‌شنبه
2028-03-13,1406-12-23,2028,1406,1,4,3,12,1,چهارشنبه
2028-03-14,1406-12-24,2028,1406,1,4,3,12,2,پنج‌شنبه
2028-03-15,1406-12-25,2028,1406,1,4,3,12,3,جمعه
2028-03-16,1406-12-26,2028,1406,1,4,3,12,4,شنبه
2028-03-17,1406-12-27,2028,1406,1,4,3,12,5,یک‌شنبه
2028-03-18,1406-12-28,2028,1406,1,4,3,12,6,دوشنبه
2028-03-19,1406-12-29,2028,1406,1,4,3,12,7,سه‌شنبه
2028-03-20,1407-01-01,2028,1407,1,1,3,1,1,چهارشنبه
2028-03-21,1407-01-02,2028,1407,1,1,3,1,2,پنج‌شنبه
2028-03-22,1407-01-03,2028,1407,1,1,3,1,3,جمعه
2028-03-23,1407-01-04,2028,1407,1,1,3,1,4,شنبه
2028-03-24,1407-01-05,2028,1407,1,1,3,1,5,یک‌شنبه
2028-03-25,1407-01-06,2028,1407,1,1,3,1,6,دوشنبه
2028-03-26,1407-01-07,2028,1407,1,1,3,1,7,سه‌شنبه
2028-03-27,1407-01-08,2028,1407,1,1,3,1,1,چهارشنبه
2028-03-28,1407-01-09,2028,1407,1,1,3,1,2,پنج‌شنبه
2028-03-29,1407-01-10,2028,1407,1,1,3,1,3,جمعه
2028-03-30,1407-01-11,2028,1407,1,1,3,1,4,شنبه
2028-03-31,1407-01-12,2028,1407,1,1,3,1,5,یک‌شنبه
2028-04-01,1407-01-13,2028,1407,2,1,4,1,6,دوشنبه
2028-04-02,1407-01-14,2028,1407,2,1,4,1,7,سه‌شنبه
2028-04-03,1407-01-15,2028,1407,2,1,4,1,1,چهارشنبه
2028-04-04,1407-01-16,2028,1407,2,1,4,1,2,پنج‌شنبه
2028-04-05,1407-01-17,2028,1407,2,1,4,1,3,جمعه
2028-04-06,1407-01-18,2028,1407,2,1,4,1,4,شنبه
2028-04-07,1407-01-19,2028,1407,2,1,4,1,5,یک‌شنبه
2028-04-08,1407-01-20,2028,1407,2,1,4,1,6,دوشنبه
2028-04-09,1407-01-21,2028,1407,2,1,4,1,7,سه‌شنبه
2028-04-10,1407-01-22,2028,1407,2,1,4,1,1,چهارشنبه
2028-04-11,1407-01-23,2028,1407,2,1,4,1,2,پنج‌شنبه
2028-04-12,1407-01-24,2028,1407,2,1,4,1,3,جمعه
2028-04-13,1407-01-25,2028,1407,2,1,4,1,4,شنبه
2028-04-14,1407-01-26,2028,1407,2,1,4,1,5,یک‌شنبه
2028-04-15,1407-01-27,2028,1407,2,1,4,1,6,دوشنبه
2028-04-16,1407-01-28,2028,1407,2,1,4,1,7,سه‌شنبه
2028-04-17,1407-01-29,2028,1407,2,1,4,1,1,چهارشنبه
2028-04-18,1407-01-30,2028,1407,2,1,4,1,2,پنج‌شنبه
2028-04-19,1407-01-31,2028,1407,2,1,4,1,3,جمعه
2028-04-20,1407-02-01,2028,1407,2,1,4,2,4,شنبه
2028-04-21,1407-02-02,2028,1407,2,1,4,2,5,یک‌شنبه
2028-04-22,1407-02-03,2028,1407,2,1,4,2,6,دوشنبه
2028-04-23,1407-02-04,2028,1407,2,1,4,2,7,سه‌شنبه
2028-04-24,1407-02-05,2028,1407,2,1,4,2,1,چهارشنبه
2028-04-25,1407-02-06,2028,1407,2,1,4,2,2,پنج‌شنبه
2028-04-26,1407-02-07,2028,1407,2,1,4,2,3,جمعه
2028-04-27,1407-02-08,2028,1407,2,1,4,2,4,شنبه
2028-04-28,1407-02-09,2028,1407,2,1,4,2,5,یک‌شنبه
2028-04-29,1407-02-10,2028,1407,2,1,4,2,6,دوشنبه
2028-04-30,1407-02-11,2028,1407,2,1,4,2,7,سه‌شنبه
2028-05-01,1407-02-12,2028,1407,2,1,5,2,1,چهارشنبه
2028-05-02,1407-02-13,2028,1407,2,1,5,2,2,پنج‌شنبه
2028-05-03,1407-02-14,2028,1407,2,1,5,2,3,جمعه
2028-05-04,1407-02-15,2028,1407,2,1,5,2,4,شنبه
2028-05-05,1407-02-16,2028,1407,2,1,5,2,5,یک‌شنبه
2028-05-06,1407-02-17,2028,1407,2,1,5,2,6,دوشنبه
2028-05-07,1407-02-18,2028,1407,2,1,5,2,7,سه‌شنبه
2028-05-08,1407-02-19,2028,1407,2,1,5,2,1,چهارشنبه
2028-05-09,1407-02-20,2028,1407,2,1,5,2,2,پنج‌شنبه
2028-05-10,1407-02-21,2028,1407,2,1,5,2,3,جمعه
2028-05-11,1407-02-22,2028,1407,2,1,5,2,4,شنبه
2028-05-12,1407-02-23,2028,1407,2,1,5,2,5,یک‌شنبه
2028-05-13,1407-02-24,2028,1407,2,1,5,2,6,دوشنبه
2028-05-14,1407-02-25,2028,1407,2,1,5,2,7,سه‌شنبه
2028-05-15,1407-02-26,2028,1407,2,1,5,2,1,چهارشنبه
2028-05-16,1407-02-27,2028,1407,2,1,5,2,2,پنج‌شنبه
2028-05-17,1407-02-28,2028,1407,2,1,5,2,3,جمعه
2028-05-18,1407-02-29,2028,1407,2,1,5,2,4,شنبه
2028-05-19,1407-02-30,2028,1407,2,1,5,2,5,یک‌شنبه
2028-05-20,1407-02-31,2028,1407,2,1,5,2,6,دوشنبه
2028-05-21,1407-03-01,2028,1407,2,1,5,3,7,سه‌شنبه
2028-05-22,1407-03-02,2028,1407,2,1,5,3,1,چهارشنبه
2028-05-23,1407-03-03,2028,1407,2,1,5,3,2,پنج‌شنبه
